id;capacite;heure_debut;heure_fin
1;67870;2020-12-19T23:07:11;2020-12-20T12:55:20
2;87313;2020-12-20T16:19:51;2020-12-20T17:46:43
3;85127;2020-12-20T12:39:23;2020-12-19T22:46:28
4;77205;2020-12-20T03:45:45;2020-12-20T11:20:16
5;42363;2020-12-20T03:50:05;2020-12-20T17:42:56
6;52609;2020-12-20T16:53:45;2020-12-20T13:45:37
7;81140;2020-12-20T05:18:09;2020-12-20T12:02:49
8;20491;2020-12-19T22:06:27;2020-12-20T09:49:25
9;43378;2020-12-20T11:24:48;2020-12-20T12:06:06
10;72417;2020-12-19T20:35:11;2020-12-19T23:32:43
